205665562 	Danielle Foster     	https://randomuser.me/api/portraits/women/61.jpg
133646882 	Esther Silva        	https://randomuser.me/api/portraits/women/93.jpg
322757116 	Cecil Neal          	https://randomuser.me/api/portraits/men/77.jpg
246579246 	Christina Moreno    	https://randomuser.me/api/portraits/women/2.jpg
215692936 	Cody Sullivan       	https://randomuser.me/api/portraits/men/66.jpg
78816323  	Lucas Fowler        	https://randomuser.me/api/portraits/men/14.jpg
549805253 	Peggy Franklin      	https://randomuser.me/api/portraits/women/0.jpg
894620376 	Marilyn Parker      	https://randomuser.me/api/portraits/women/48.jpg
318393888 	Brandie Castro      	https://randomuser.me/api/portraits/women/66.jpg
555962024 	Ken Vasquez         	https://randomuser.me/api/portraits/men/40.jpg
